Genre,Vendas Médias (Milhões)
Platform,0.9383408577878104
Shooter,0.791885496183206
Role-Playing,0.6232325268817205
Racing,0.5861008807045637
Sports,0.5673188405797102
Fighting,0.529375
Action,0.5281001206272617
Misc,0.4657619321449109
Simulation,0.4523644752018454
Puzzle,0.4208762886597938
Strategy,0.25715124816446405
Adventure,0.18587869362363918
