Região,Vendas (Milhões)
América do Norte,4392.950000000001
Europa,2434.1300000000006
Japão,1291.02
Outras Regiões,797.7500000000001
Global,8920.440000000002
